frame;step;year;particles;mpi_ranks;kinetic;potential;total_energy;energy_drift_percent;virial_ratio;max_radius;mean_radius;mean_speed;angular_momentum_norm;potential_is_estimated
0;0;0.000000;500;2;1.456932811159e+03;-3.983384252517e+03;-2.526451441358e+03;0.00000000;0.73150503;160.05162934;47.01893438;9.489974474085e-02;8.220422991083e+05;0
1;40;1000.000000;500;2;1.604635254502e+03;-4.124926423388e+03;-2.520291168887e+03;0.24383103;0.77801885;153.04627443;43.24784013;1.072702576640e-01;8.220422991083e+05;0
