frame;step;year;particles;mpi_ranks;kinetic;potential;total_energy;energy_drift_percent;virial_ratio;max_radius;mean_radius;mean_speed;angular_momentum_norm;potential_is_estimated
0;0;0.000000;1000;2;2.778192907902e+03;-7.596023424878e+03;-4.817830516976e+03;0.00000000;0.73148613;162.19553770;47.05965557;9.313119825701e-02;1.623228230840e+06;0
1;40;1000.000000;1000;2;3.082647941841e+03;-7.885347625249e+03;-4.802699683408e+03;0.31405907;0.78186735;156.21787780;42.79429619;1.067009402022e-01;1.623228230840e+06;0
