frame;step;year;particles;mpi_ranks;kinetic;potential;total_energy;energy_drift_percent;virial_ratio;max_radius;mean_radius;mean_speed;angular_momentum_norm;potential_is_estimated
0;0;0.000000;2000;4;5.761254976099e+03;-1.557852487284e+04;-9.817269896746e+03;0.00000000;0.73964063;162.19553770;46.48254307;9.491841716246e-02;3.285398971727e+06;0
1;40;1000.000000;2000;4;6.289293076553e+03;-1.607910764184e+04;-9.789814565284e+03;0.27966361;0.78229380;156.19613605;42.31567680;1.072989804389e-01;3.285398971727e+06;0
