frame;step;year;particles;mpi_ranks;kinetic;potential;total_energy;energy_drift_percent;virial_ratio;max_radius;mean_radius;mean_speed;angular_momentum_norm;potential_is_estimated
0;0;0.000000;2000;4;5.756288617020e+03;-1.553991870617e+04;-9.783630089147e+03;0.00000000;0.74083896;164.03522718;46.47166906;9.492291586373e-02;3.280092183691e+06;0
1;40;1000.000000;2000;4;6.214567623969e+03;-1.597801944176e+04;-9.763451817790e+03;0.20624524;0.77788961;160.53840481;42.51465218;1.061358495311e-01;3.280092183691e+06;0
