frame;step;year;particles;mpi_ranks;kinetic;potential;total_energy;energy_drift_percent;virial_ratio;max_radius;mean_radius;mean_speed;angular_momentum_norm;potential_is_estimated
0;0;0.000000;2000;2;5.355571812120e+03;-1.507450990255e+04;-9.718938090434e+03;0.00000000;0.71054672;161.93139053;46.55595267;9.173013512558e-02;3.210811031888e+06;0
1;40;1000.000000;2000;2;6.271764441009e+03;-1.597059051469e+04;-9.698826073685e+03;0.20693636;0.78541422;151.71777298;41.96144316;1.070980670611e-01;3.210811031888e+06;0
