frame;step;year;particles;mpi_ranks;kinetic;potential;total_energy;energy_drift_percent;virial_ratio;max_radius;mean_radius;mean_speed;angular_momentum_norm;potential_is_estimated
0;0;0.000000;1000;8;2.771889011187e+03;-7.485990265658e+03;-4.714101254471e+03;0.00000000;0.74055373;157.22633860;47.85576132;9.434116699273e-02;1.674549154877e+06;0
1;40;1000.000000;1000;8;3.112559185603e+03;-7.821342463086e+03;-4.708783277483e+03;0.11280999;0.79591431;152.98079853;43.53689963;1.069423655979e-01;1.674549154877e+06;0
