frame;step;year;particles;mpi_ranks;kinetic;potential;total_energy;energy_drift_percent;virial_ratio;max_radius;mean_radius;mean_speed;angular_momentum_norm;potential_is_estimated
0;0;0.000000;500;2;1.460369365815e+03;-4.009903171585e+03;-2.549533805769e+03;0.00000000;0.72838136;159.35801381;46.98453595;9.477735777690e-02;8.229367087134e+05;0
1;40;1000.000000;500;2;1.596221852331e+03;-4.136970763680e+03;-2.540748911349e+03;0.34456866;0.77168631;146.95571713;42.93057676;1.073030666896e-01;8.229367087134e+05;0
