frame;step;year;particles;mpi_ranks;kinetic;potential;total_energy;energy_drift_percent;virial_ratio;max_radius;mean_radius;mean_speed;angular_momentum_norm;potential_is_estimated
0;0;0.000000;500;4;1.436468760937e+03;-3.775751857606e+03;-2.339283096669e+03;0.00000000;0.76089151;157.58799084;48.43766150;9.562024686200e-02;8.731274136883e+05;0
1;40;1000.000000;500;4;1.575369706001e+03;-3.907375301034e+03;-2.332005595033e+03;0.31109965;0.80635700;150.42183284;44.33592429;1.072876221223e-01;8.731274136883e+05;0
