frame;step;year;particles;mpi_ranks;kinetic;potential;total_energy;energy_drift_percent;virial_ratio;max_radius;mean_radius;mean_speed;angular_momentum_norm;potential_is_estimated
0;0;0.000000;500;4;1.436862767180e+03;-3.772818769879e+03;-2.335956002698e+03;0.00000000;0.76169191;158.32084867;48.44392005;9.561190796553e-02;8.732850923411e+05;0
1;40;1000.000000;500;4;1.571699600506e+03;-3.898143549245e+03;-2.326443948740e+03;0.40720176;0.80638364;153.38691412;44.25961901;1.070310386307e-01;8.732850923411e+05;0
