frame;step;year;particles;mpi_ranks;kinetic;potential;total_energy;energy_drift_percent;virial_ratio;max_radius;mean_radius;mean_speed;angular_momentum_norm;potential_is_estimated
0;0;0.000000;1500;4;4.149792001475e+03;-1.107760608806e+04;-6.927814086585e+03;0.00000000;0.74922180;162.45522492;48.46450253;9.384394357485e-02;2.493031315998e+06;0
1;40;1000.000000;1500;4;4.582178720331e+03;-1.148756997074e+04;-6.905391250407e+03;0.32366394;0.79776293;156.94198113;44.26743225;1.058438880745e-01;2.493031315998e+06;0
