frame;step;year;particles;mpi_ranks;kinetic;potential;total_energy;energy_drift_percent;virial_ratio;max_radius;mean_radius;mean_speed;angular_momentum_norm;potential_is_estimated
0;0;0.000000;2000;1;5.822684645263e+03;-1.552021186879e+04;-9.697527223528e+03;0.00000000;0.75033572;160.12800456;45.63432323;9.671477574255e-02;3.286682937940e+06;0
1;40;1000.000000;2000;1;6.297497072275e+03;-1.595919697977e+04;-9.661699907500e+03;0.36944796;0.78919974;152.17567938;41.60801087;1.080535035200e-01;3.286682937940e+06;0
