frame;step;year;particles;mpi_ranks;kinetic;potential;total_energy;energy_drift_percent;virial_ratio;max_radius;mean_radius;mean_speed;angular_momentum_norm;potential_is_estimated
0;0;0.000000;1500;2;4.055027059906e+03;-1.130847640378e+04;-7.253449343872e+03;0.00000000;0.71716594;159.25100209;46.51414931;9.244487805816e-02;2.433588287191e+06;0
1;40;1000.000000;1500;2;4.504109031630e+03;-1.174173553664e+04;-7.237626505006e+03;0.21814227;0.76719647;152.48501219;42.27239557;1.054951117844e-01;2.433588287191e+06;0
