frame;step;year;particles;mpi_ranks;kinetic;potential;total_energy;energy_drift_percent;virial_ratio;max_radius;mean_radius;mean_speed;angular_momentum_norm;potential_is_estimated
0;0;0.000000;2500;4;7.017707574522e+03;-1.900807965343e+04;-1.199037207891e+04;0.00000000;0.73839206;161.03644080;46.78821047;9.444920486413e-02;4.057334935246e+06;0
1;40;1000.000000;2500;4;7.963635577417e+03;-1.991438424870e+04;-1.195074867128e+04;0.33046020;0.79978728;159.13066140;42.51882597;1.079578281734e-01;4.057334935246e+06;0
2;80;2000.000000;2500;4;7.801683144528e+03;-1.974268572800e+04;-1.194100258347e+04;0.41174281;0.79033656;143.22749594;40.12005342;1.078530175386e-01;4.057334935246e+06;0
3;120;3000.000000;2500;4;7.618535969983e+03;-1.955144982819e+04;-1.193291385820e+04;0.47920298;0.77933207;137.13506708;41.12140982;1.062852520683e-01;4.057334935246e+06;0
4;160;4000.000000;2500;4;7.466809700420e+03;-1.941264986144e+04;-1.194584016102e+04;0.37139730;0.76927259;144.14916015;43.06570751;1.040400290264e-01;4.057334935246e+06;0
5;200;5000.000000;2500;4;7.568075935042e+03;-1.951533537402e+04;-1.194725943898e+04;0.35956048;0.77560296;174.67543343;43.33114651;1.048316766387e-01;4.057334935246e+06;0
