frame;step;year;particles;mpi_ranks;kinetic;potential;total_energy;energy_drift_percent;virial_ratio;max_radius;mean_radius;mean_speed;angular_momentum_norm;potential_is_estimated
0;0;0.000000;500;1;1.484597076427e+03;-3.966018657330e+03;-2.481421580903e+03;0.00000000;0.74865864;162.19553770;46.52710430;9.632369866669e-02;8.213089228775e+05;0
1;40;1000.000000;500;1;1.567591002938e+03;-4.038194046253e+03;-2.470603043314e+03;0.43598144;0.77638221;156.22910740;42.55321377;1.071914969340e-01;8.213089228775e+05;0
2;80;2000.000000;500;1;1.540256729015e+03;-4.011421266366e+03;-2.471164537351e+03;0.41335352;0.76793567;138.29270631;40.57104259;1.072380503360e-01;8.213089228775e+05;0
