frame;step;year;particles;mpi_ranks;kinetic;potential;total_energy;energy_drift_percent;virial_ratio;max_radius;mean_radius;mean_speed;angular_momentum_norm;potential_is_estimated
0;0;0.000000;2000;8;5.603792155963e+03;-1.537555670371e+04;-9.771764547750e+03;0.00000000;0.72892218;161.12258106;46.50300329;9.463507576058e-02;3.206015755316e+06;0
1;40;1000.000000;2000;8;6.068688387343e+03;-1.580527356186e+04;-9.736585174517e+03;0.36001045;0.76793209;158.91216383;42.59251035;1.057999521631e-01;3.206015755316e+06;0
