frame;step;year;particles;mpi_ranks;kinetic;potential;total_energy;energy_drift_percent;virial_ratio;max_radius;mean_radius;mean_speed;angular_momentum_norm;potential_is_estimated
0;0;0.000000;50000;4;1.365972929705e+05;-3.923892567692e+05;-2.557919637987e+05;0.00000000;0.69623360;162.31815109;46.44996888;9.325471419652e-02;8.169975349429e+07;1
1;40;1000.000000;50000;4;1.659068919576e+05;-4.210382330407e+05;-2.551313410831e+05;0.25826563;0.78808469;158.66053188;40.52866465;1.110107643042e-01;8.169975349429e+07;1
