frame;step;year;particles;mpi_ranks;kinetic;potential;total_energy;energy_drift_percent;virial_ratio;max_radius;mean_radius;mean_speed;angular_momentum_norm;potential_is_estimated
0;0;0.000000;1500;1;4.399818760643e+03;-1.171308241453e+04;-7.313263653885e+03;0.00000000;0.75126574;159.30861092;44.84784520;9.704899379871e-02;2.442229946956e+06;0
1;40;1000.000000;1500;1;4.797107418456e+03;-1.208197662504e+04;-7.284869206581e+03;0.38825959;0.79409315;154.67871147;40.85751574;1.083889525772e-01;2.442229946956e+06;0
