frame;step;year;particles;mpi_ranks;kinetic;potential;total_energy;energy_drift_percent;virial_ratio;max_radius;mean_radius;mean_speed;angular_momentum_norm;potential_is_estimated
0;0;0.000000;1500;1;4.407992824050e+03;-1.170899103491e+04;-7.300998210859e+03;0.00000000;0.75292445;158.56189130;44.87111297;9.700882990617e-02;2.446803134508e+06;0
1;40;1000.000000;1500;1;4.900987195118e+03;-1.216966486879e+04;-7.268677673668e+03;0.44268655;0.80544325;151.54977057;40.58458574;1.097903551907e-01;2.446803134508e+06;0
