frame;step;year;particles;mpi_ranks;kinetic;potential;total_energy;energy_drift_percent;virial_ratio;max_radius;mean_radius;mean_speed;angular_momentum_norm;potential_is_estimated
0;0;0.000000;1500;4;4.153975911155e+03;-1.107673925754e+04;-6.922763346385e+03;0.00000000;0.75003588;161.88028901;48.46832035;9.379250610230e-02;2.493613593557e+06;0
1;40;1000.000000;1500;4;4.596429209676e+03;-1.150273984679e+04;-6.906310637118e+03;0.23766101;0.79918859;152.82805530;44.19735474;1.060291598706e-01;2.493613593557e+06;0
