frame;step;year;particles;mpi_ranks;kinetic;potential;total_energy;energy_drift_percent;virial_ratio;max_radius;mean_radius;mean_speed;angular_momentum_norm;potential_is_estimated
0;0;0.000000;1000;1;2.705030247887e+03;-7.510066135444e+03;-4.805035887556e+03;0.00000000;0.72037455;161.49312894;46.78708485;9.256935597958e-02;1.630669937901e+06;0
1;40;1000.000000;1000;1;3.092976327433e+03;-7.879023791741e+03;-4.786047464308e+03;0.39517755;0.78511664;150.78623149;42.41272821;1.069488959873e-01;1.630669937901e+06;0
