frame;step;year;particles;mpi_ranks;kinetic;potential;total_energy;energy_drift_percent;virial_ratio;max_radius;mean_radius;mean_speed;angular_momentum_norm;potential_is_estimated
0;0;0.000000;3000;1;8.226333111823e+03;-2.261976389820e+04;-1.439343078638e+04;0.00000000;0.72735800;161.28169593;46.62441008;9.380903067659e-02;4.960881195170e+06;1
1;40;1000.000000;3000;1;9.240340516027e+03;-2.360139360913e+04;-1.436105309311e+04;0.22494771;0.78303347;156.45156924;42.43666989;1.066761560653e-01;4.960881195170e+06;1
