frame;step;year;particles;mpi_ranks;kinetic;potential;total_energy;energy_drift_percent;virial_ratio;max_radius;mean_radius;mean_speed;angular_momentum_norm;potential_is_estimated
0;0;0.000000;2000;1;5.822624297271e+03;-1.552203124759e+04;-9.699406950321e+03;0.00000000;0.75023999;160.35032535;45.63383189;9.671636795513e-02;3.286612404889e+06;0
1;40;1000.000000;2000;1;6.279674437611e+03;-1.594005222750e+04;-9.660377789887e+03;0.40238708;0.78791140;152.36670070;41.63334238;1.078493074250e-01;3.286612404889e+06;0
