frame;step;year;particles;mpi_ranks;kinetic;potential;total_energy;energy_drift_percent;virial_ratio;max_radius;mean_radius;mean_speed;angular_momentum_norm;potential_is_estimated
0;0;0.000000;1500;2;4.057602038152e+03;-1.132199352235e+04;-7.264391484194e+03;0.00000000;0.71676459;158.95790613;46.52248281;9.241876461028e-02;2.432524077403e+06;0
1;40;1000.000000;1500;2;4.726387700341e+03;-1.196958696865e+04;-7.243199268311e+03;0.29172734;0.78973280;152.38546165;41.97473706;1.078224017883e-01;2.432524077403e+06;0
