frame;step;year;particles;mpi_ranks;kinetic;potential;total_energy;energy_drift_percent;virial_ratio;max_radius;mean_radius;mean_speed;angular_momentum_norm;potential_is_estimated
0;0;0.000000;1000;4;2.834023988696e+03;-7.758155069008e+03;-4.924131080311e+03;0.00000000;0.73059225;161.40373590;46.79534820;9.479094124867e-02;1.640739599572e+06;0
1;40;1000.000000;1000;4;2.950103139585e+03;-7.860093243683e+03;-4.909990104098e+03;0.28717709;0.75065347;149.53223445;43.37256697;1.039100120507e-01;1.640739599572e+06;0
