frame;step;year;particles;mpi_ranks;kinetic;potential;total_energy;energy_drift_percent;virial_ratio;max_radius;mean_radius;mean_speed;angular_momentum_norm;potential_is_estimated
0;0;0.000000;1000;4;2.835860902098e+03;-7.759622271480e+03;-4.923761369382e+03;0.00000000;0.73092756;159.44478944;46.82580810;9.477410525407e-02;1.643110019571e+06;0
1;40;1000.000000;1000;4;3.168563337921e+03;-8.079692937967e+03;-4.911129600046e+03;0.25654715;0.78432766;146.94411395;42.89521884;1.078527681647e-01;1.643110019571e+06;0
