frame;step;year;particles;mpi_ranks;kinetic;potential;total_energy;energy_drift_percent;virial_ratio;max_radius;mean_radius;mean_speed;angular_momentum_norm;potential_is_estimated
0;0;0.000000;2000;2;5.355760436850e+03;-1.506801840565e+04;-9.712257968798e+03;0.00000000;0.71087787;161.49312894;46.56211068;9.172641227027e-02;3.210967720994e+06;0
1;40;1000.000000;2000;2;6.360067100901e+03;-1.605318081973e+04;-9.693113718833e+03;0.19711431;0.79237469;151.85523623;41.90831004;1.078125964326e-01;3.210967720994e+06;0
