frame;step;year;particles;mpi_ranks;kinetic;potential;total_energy;energy_drift_percent;virial_ratio;max_radius;mean_radius;mean_speed;angular_momentum_norm;potential_is_estimated
0;0;0.000000;1000;2;2.774481208810e+03;-7.589974831821e+03;-4.815493623010e+03;0.00000000;0.73109102;163.28270235;47.04113633;9.319367954871e-02;1.621032976450e+06;0
1;40;1000.000000;1000;2;3.029388770560e+03;-7.834991129707e+03;-4.805602359147e+03;0.20540498;0.77329731;161.47737195;43.11833220;1.050856161252e-01;1.621032976450e+06;0
