frame;step;year;particles;mpi_ranks;kinetic;potential;total_energy;energy_drift_percent;virial_ratio;max_radius;mean_radius;mean_speed;angular_momentum_norm;potential_is_estimated
0;0;0.000000;500;1;1.478749502864e+03;-3.989081277684e+03;-2.510331774820e+03;0.00000000;0.74139853;162.48553999;46.41297733;9.642743757862e-02;8.156785209134e+05;0
1;40;1000.000000;500;1;1.604343556516e+03;-4.107679131609e+03;-2.503335575092e+03;0.27869622;0.78114356;163.72708945;42.98195408;1.077483598183e-01;8.156785209134e+05;0
