frame;step;year;particles;mpi_ranks;kinetic;potential;total_energy;energy_drift_percent;virial_ratio;max_radius;mean_radius;mean_speed;angular_momentum_norm;potential_is_estimated
0;0;0.000000;1000;1;2.703317893705e+03;-7.520363316748e+03;-4.817045423043e+03;0.00000000;0.71893279;162.89844751;46.76038892;9.260764101673e-02;1.630564089323e+06;0
1;40;1000.000000;1000;1;2.885548220783e+03;-7.686051679752e+03;-4.800503458969e+03;0.34340478;0.75085319;154.36365348;42.80263803;1.033841107803e-01;1.630564089323e+06;0
